sample_name,variant_name,gene,codon_position,refAA,altAA,start_nuc_pos,end_nuc_pos
CO-CDPHE-POS-A,ORF1a_T1840I,ORF1a,1840,T,I,5782,5785
CO-CDPHE-POS-A,ORF1b_P1427L,ORF1b,1427,P,L,17745,17748
CO-CDPHE-POS-A,ORF1b_Y1464C,ORF1b,1464,Y,C,17856,17859
CO-CDPHE-POS-A,ORF8_L84S,ORF8,84,L,S,28142,28145
CO-CDPHE-2103718924-1A,N_E31del,N,31,E,del,28363,28366
CO-CDPHE-2103718924-1A,N_R32del,N,32,R,del,28366,28369
CO-CDPHE-2103718924-1A,N_S33del,N,33,S,del,28369,28372
CO-CDPHE-2103718924-1A,ORF1a_S3675del,ORF1a,3675,S,del,11287,11290
CO-CDPHE-2103718924-1A,ORF1a_G3676del,ORF1a,3676,G,del,11290,11293
CO-CDPHE-2103718924-1A,ORF1a_F3677del,ORF1a,3677,F,del,11293,11296
CO-CDPHE-2103718924-1A,ORF9b_E27del,ORF9b,27,E,del,28361,28364
CO-CDPHE-2103718924-1A,ORF9b_N28del,ORF9b,28,N,del,28364,28367
CO-CDPHE-2103718924-1A,ORF9b_A29del,ORF9b,29,A,del,28367,28370
CO-CDPHE-2103718924-1A,S_L24del,S,24,L,del,21631,21634
CO-CDPHE-2103718924-1A,S_P25del,S,25,P,del,21634,21637
CO-CDPHE-2103718924-1A,S_P26del,S,26,P,del,21637,21640
CO-CDPHE-2103718924-1A,S_H69del,S,69,H,del,21766,21769
CO-CDPHE-2103718924-1A,S_V70del,S,70,V,del,21769,21772
CO-CDPHE-2103718924-1A,E_T9I,E,9,T,I,26268,26271
CO-CDPHE-2103718924-1A,M_D3N,M,3,D,N,26528,26531
CO-CDPHE-2103718924-1A,M_Q19E,M,19,Q,E,26576,26579
CO-CDPHE-2103718924-1A,M_A63T,M,63,A,T,26708,26711
CO-CDPHE-2103718924-1A,N_P13L,N,13,P,L,28309,28312
CO-CDPHE-2103718924-1A,N_R203K,N,203,R,K,28879,28882
CO-CDPHE-2103718924-1A,N_G204R,N,204,G,R,28882,28885
CO-CDPHE-2103718924-1A,ORF1a_S135R,ORF1a,135,S,R,667,670
CO-CDPHE-2103718924-1A,ORF1a_G1307S,ORF1a,1307,G,S,4183,4186
CO-CDPHE-2103718924-1A,ORF1a_T3090I,ORF1a,3090,T,I,9532,9535
CO-CDPHE-2103718924-1A,ORF1a_T3255I,ORF1a,3255,T,I,10027,10030
CO-CDPHE-2103718924-1A,ORF1a_P3395H,ORF1a,3395,P,H,10447,10450
CO-CDPHE-2103718924-1A,ORF1b_P314L,ORF1b,314,P,L,14406,14409
CO-CDPHE-2103718924-1A,ORF1b_R1052K,ORF1b,1052,R,K,16620,16623
CO-CDPHE-2103718924-1A,ORF1b_R1315C,ORF1b,1315,R,C,17409,17412
CO-CDPHE-2103718924-1A,ORF1b_I1566V,ORF1b,1566,I,V,18162,18165
CO-CDPHE-2103718924-1A,ORF3a_T223I,ORF3a,223,T,I,26058,26061
CO-CDPHE-2103718924-1A,ORF9b_P10S,ORF9b,10,P,S,28310,28313
CO-CDPHE-2103718924-1A,S_T19I,S,19,T,I,21616,21619
CO-CDPHE-2103718924-1A,S_A27S,S,27,A,S,21640,21643
CO-CDPHE-2103718924-1A,S_G142D,S,142,G,D,21985,21988
CO-CDPHE-2103718924-1A,S_V213G,S,213,V,G,22198,22201
CO-CDPHE-2103718924-1A,S_R408S,S,408,R,S,22783,22786
CO-CDPHE-2103718924-1A,S_K417N,S,417,K,N,22810,22813
CO-CDPHE-2103718924-1A,S_N440K,S,440,N,K,22879,22882
CO-CDPHE-2103718924-1A,S_L452R,S,452,L,R,22915,22918
CO-CDPHE-2103718924-1A,S_S477N,S,477,S,N,22990,22993
CO-CDPHE-2103718924-1A,S_T478K,S,478,T,K,22993,22996
CO-CDPHE-2103718924-1A,S_E484A,S,484,E,A,23011,23014
CO-CDPHE-2103718924-1A,S_F486V,S,486,F,V,23017,23020
CO-CDPHE-2103718924-1A,S_D614G,S,614,D,G,23401,23404
CO-CDPHE-2103718924-1A,S_H655Y,S,655,H,Y,23524,23527
CO-CDPHE-2103718924-1A,S_N679K,S,679,N,K,23596,23599
CO-CDPHE-2103718924-1A,S_P681H,S,681,P,H,23602,23605
CO-CDPHE-2103718924-1A,S_N764K,S,764,N,K,23851,23854
CO-CDPHE-2103718924-1A,S_D796Y,S,796,D,Y,23947,23950
CO-CDPHE-2103733707-1A,N_E31del,N,31,E,del,28363,28366
CO-CDPHE-2103733707-1A,N_R32del,N,32,R,del,28366,28369
CO-CDPHE-2103733707-1A,N_S33del,N,33,S,del,28369,28372
CO-CDPHE-2103733707-1A,ORF1a_S3675del,ORF1a,3675,S,del,11287,11290
CO-CDPHE-2103733707-1A,ORF1a_G3676del,ORF1a,3676,G,del,11290,11293
CO-CDPHE-2103733707-1A,ORF1a_F3677del,ORF1a,3677,F,del,11293,11296
CO-CDPHE-2103733707-1A,ORF9b_E27del,ORF9b,27,E,del,28361,28364
CO-CDPHE-2103733707-1A,ORF9b_N28del,ORF9b,28,N,del,28364,28367
CO-CDPHE-2103733707-1A,ORF9b_A29del,ORF9b,29,A,del,28367,28370
CO-CDPHE-2103733707-1A,S_L5del,S,5,L,del,21574,21577
CO-CDPHE-2103733707-1A,M_D3N,M,3,D,N,26528,26531
CO-CDPHE-2103733707-1A,M_Q19E,M,19,Q,E,26576,26579
CO-CDPHE-2103733707-1A,N_P13L,N,13,P,L,28309,28312
CO-CDPHE-2103733707-1A,N_R203K,N,203,R,K,28879,28882
CO-CDPHE-2103733707-1A,N_G204R,N,204,G,R,28882,28885
CO-CDPHE-2103733707-1A,ORF1a_S135R,ORF1a,135,S,R,667,670
CO-CDPHE-2103733707-1A,ORF1a_L1130F,ORF1a,1130,L,F,3652,3655
CO-CDPHE-2103733707-1A,ORF1a_G1307S,ORF1a,1307,G,S,4183,4186
CO-CDPHE-2103733707-1A,ORF1a_T3090I,ORF1a,3090,T,I,9532,9535
CO-CDPHE-2103733707-1A,ORF1a_P3395H,ORF1a,3395,P,H,10447,10450
CO-CDPHE-2103733707-1A,ORF1b_P314L,ORF1b,314,P,L,14406,14409
CO-CDPHE-2103733707-1A,ORF1b_R1315C,ORF1b,1315,R,C,17409,17412
CO-CDPHE-2103733707-1A,ORF9b_P10S,ORF9b,10,P,S,28310,28313
CO-CDPHE-2103753484-1A,N_E31del,N,31,E,del,28363,28366
CO-CDPHE-2103753484-1A,N_R32del,N,32,R,del,28366,28369
CO-CDPHE-2103753484-1A,N_S33del,N,33,S,del,28369,28372
CO-CDPHE-2103753484-1A,ORF1a_S3675del,ORF1a,3675,S,del,11287,11290
CO-CDPHE-2103753484-1A,ORF1a_G3676del,ORF1a,3676,G,del,11290,11293
CO-CDPHE-2103753484-1A,ORF1a_F3677del,ORF1a,3677,F,del,11293,11296
CO-CDPHE-2103753484-1A,ORF9b_E27del,ORF9b,27,E,del,28361,28364
CO-CDPHE-2103753484-1A,ORF9b_N28del,ORF9b,28,N,del,28364,28367
CO-CDPHE-2103753484-1A,ORF9b_A29del,ORF9b,29,A,del,28367,28370
CO-CDPHE-2103753484-1A,S_L24del,S,24,L,del,21631,21634
CO-CDPHE-2103753484-1A,S_P25del,S,25,P,del,21634,21637
CO-CDPHE-2103753484-1A,S_P26del,S,26,P,del,21637,21640
CO-CDPHE-2103753484-1A,S_Y144del,S,144,Y,del,21991,21994
CO-CDPHE-2103753484-1A,E_T9I,E,9,T,I,26268,26271
CO-CDPHE-2103753484-1A,E_T11A,E,11,T,A,26274,26277
CO-CDPHE-2103753484-1A,M_Q19E,M,19,Q,E,26576,26579
CO-CDPHE-2103753484-1A,M_A63T,M,63,A,T,26708,26711
CO-CDPHE-2103753484-1A,N_P13L,N,13,P,L,28309,28312
CO-CDPHE-2103753484-1A,N_R203K,N,203,R,K,28879,28882
CO-CDPHE-2103753484-1A,N_G204R,N,204,G,R,28882,28885
CO-CDPHE-2103753484-1A,N_S413R,N,413,S,R,29509,29512
CO-CDPHE-2103753484-1A,ORF1a_K47R,ORF1a,47,K,R,403,406
CO-CDPHE-2103753484-1A,ORF1a_S135R,ORF1a,135,S,R,667,670
CO-CDPHE-2103753484-1A,ORF1a_G1307S,ORF1a,1307,G,S,4183,4186
CO-CDPHE-2103753484-1A,ORF1a_L3027F,ORF1a,3027,L,F,9343,9346
CO-CDPHE-2103753484-1A,ORF1a_T3090I,ORF1a,3090,T,I,9532,9535
CO-CDPHE-2103753484-1A,ORF1a_L3201F,ORF1a,3201,L,F,9865,9868
CO-CDPHE-2103753484-1A,ORF1a_T3255I,ORF1a,3255,T,I,10027,10030
CO-CDPHE-2103753484-1A,ORF1a_P3395H,ORF1a,3395,P,H,10447,10450
CO-CDPHE-2103753484-1A,ORF1b_P314L,ORF1b,314,P,L,14406,14409
CO-CDPHE-2103753484-1A,ORF1b_G662S,ORF1b,662,G,S,15450,15453
CO-CDPHE-2103753484-1A,ORF1b_S959P,ORF1b,959,S,P,16341,16344
CO-CDPHE-2103753484-1A,ORF1b_R1315C,ORF1b,1315,R,C,17409,17412
CO-CDPHE-2103753484-1A,ORF1b_I1566V,ORF1b,1566,I,V,18162,18165
CO-CDPHE-2103753484-1A,ORF3a_T223I,ORF3a,223,T,I,26058,26061
CO-CDPHE-2103753484-1A,ORF6_D61L,ORF6,61,D,L,27381,27384
CO-CDPHE-2103753484-1A,ORF8_G8stop,ORF8,8,G,stop,27914,27917
CO-CDPHE-2103753484-1A,ORF9b_P10S,ORF9b,10,P,S,28310,28313
CO-CDPHE-2103753484-1A,S_T19I,S,19,T,I,21616,21619
CO-CDPHE-2103753484-1A,S_A27S,S,27,A,S,21640,21643
CO-CDPHE-2103753484-1A,S_V83A,S,83,V,A,21808,21811
CO-CDPHE-2103753484-1A,S_G142D,S,142,G,D,21985,21988
CO-CDPHE-2103753484-1A,S_H146Q,S,146,H,Q,21997,22000
CO-CDPHE-2103753484-1A,S_Q183E,S,183,Q,E,22108,22111
CO-CDPHE-2103753484-1A,S_V213E,S,213,V,E,22198,22201
CO-CDPHE-2103753484-1A,S_G252V,S,252,G,V,22315,22318
CO-CDPHE-2103753484-1A,S_G339H,S,339,G,H,22576,22579
CO-CDPHE-2103753484-1A,S_R346T,S,346,R,T,22597,22600
CO-CDPHE-2103753484-1A,S_L368I,S,368,L,I,22663,22666
CO-CDPHE-2103753484-1A,S_S371F,S,371,S,F,22672,22675
CO-CDPHE-2103753484-1A,S_S373P,S,373,S,P,22678,22681
CO-CDPHE-2103753484-1A,S_S375F,S,375,S,F,22684,22687
CO-CDPHE-2103753484-1A,S_T376A,S,376,T,A,22687,22690
CO-CDPHE-2103753484-1A,S_D405N,S,405,D,N,22774,22777
CO-CDPHE-2103753484-1A,S_R408S,S,408,R,S,22783,22786
CO-CDPHE-2103753484-1A,S_K417N,S,417,K,N,22810,22813
CO-CDPHE-2103753484-1A,S_N440K,S,440,N,K,22879,22882
CO-CDPHE-2103753484-1A,S_V445P,S,445,V,P,22894,22897
CO-CDPHE-2103753484-1A,S_G446S,S,446,G,S,22897,22900
CO-CDPHE-2103753484-1A,S_N460K,S,460,N,K,22939,22942
CO-CDPHE-2103753484-1A,S_S477N,S,477,S,N,22990,22993
CO-CDPHE-2103753484-1A,S_T478K,S,478,T,K,22993,22996
CO-CDPHE-2103753484-1A,S_E484A,S,484,E,A,23011,23014
CO-CDPHE-2103753484-1A,S_F486P,S,486,F,P,23017,23020
CO-CDPHE-2103753484-1A,S_F490S,S,490,F,S,23029,23032
CO-CDPHE-2103753484-1A,S_Q498R,S,498,Q,R,23053,23056
CO-CDPHE-2103753484-1A,S_N501Y,S,501,N,Y,23062,23065
CO-CDPHE-2103753484-1A,S_Y505H,S,505,Y,H,23074,23077
CO-CDPHE-2103753484-1A,S_D614G,S,614,D,G,23401,23404
CO-CDPHE-2103753484-1A,S_H655Y,S,655,H,Y,23524,23527
CO-CDPHE-2103753484-1A,S_N679K,S,679,N,K,23596,23599
CO-CDPHE-2103753484-1A,S_P681H,S,681,P,H,23602,23605
CO-CDPHE-2103753484-1A,S_N764K,S,764,N,K,23851,23854
CO-CDPHE-2103753484-1A,S_D796Y,S,796,D,Y,23947,23950
CO-CDPHE-2103753484-1A,S_Q954H,S,954,Q,H,24421,24424
CO-CDPHE-2103753484-1A,S_N969K,S,969,N,K,24466,24469
CO-CDPHE-TP20230207-1A,N_E31del,N,31,E,del,28363,28366
CO-CDPHE-TP20230207-1A,N_R32del,N,32,R,del,28366,28369
CO-CDPHE-TP20230207-1A,N_S33del,N,33,S,del,28369,28372
CO-CDPHE-TP20230207-1A,ORF9b_E27del,ORF9b,27,E,del,28361,28364
CO-CDPHE-TP20230207-1A,ORF9b_N28del,ORF9b,28,N,del,28364,28367
CO-CDPHE-TP20230207-1A,ORF9b_A29del,ORF9b,29,A,del,28367,28370
CO-CDPHE-TP20230207-1A,N_P13L,N,13,P,L,28309,28312
CO-CDPHE-TP20230207-1A,N_R203K,N,203,R,K,28879,28882
CO-CDPHE-TP20230207-1A,N_G204R,N,204,G,R,28882,28885
CO-CDPHE-TP20230207-1A,ORF1a_P3395H,ORF1a,3395,P,H,10447,10450
CO-CDPHE-TP20230207-1A,ORF1b_R1315C,ORF1b,1315,R,C,17409,17412
CO-CDPHE-TP20230207-1A,ORF9b_P10S,ORF9b,10,P,S,28310,28313
CO-CDPHE-TP20230207-1A,S_D614G,S,614,D,G,23401,23404
CO-CDPHE-TP20230207-1A,S_H655Y,S,655,H,Y,23524,23527
CO-CDPHE-TP20230207-1A,S_N679K,S,679,N,K,23596,23599
CO-CDPHE-TP20230207-1A,S_P681H,S,681,P,H,23602,23605
CO-CDPHE-WL20230209-1A,N_E31del,N,31,E,del,28363,28366
CO-CDPHE-WL20230209-1A,N_R32del,N,32,R,del,28366,28369
CO-CDPHE-WL20230209-1A,N_S33del,N,33,S,del,28369,28372
CO-CDPHE-WL20230209-1A,ORF9b_E27del,ORF9b,27,E,del,28361,28364
CO-CDPHE-WL20230209-1A,ORF9b_N28del,ORF9b,28,N,del,28364,28367
CO-CDPHE-WL20230209-1A,ORF9b_A29del,ORF9b,29,A,del,28367,28370
CO-CDPHE-WL20230209-1A,N_P13L,N,13,P,L,28309,28312
CO-CDPHE-WL20230209-1A,N_E136D,N,136,E,D,28678,28681
CO-CDPHE-WL20230209-1A,N_R203K,N,203,R,K,28879,28882
CO-CDPHE-WL20230209-1A,N_G204R,N,204,G,R,28882,28885
CO-CDPHE-WL20230209-1A,N_Q294R,N,294,Q,R,29152,29155
CO-CDPHE-WL20230209-1A,ORF1a_Q556K,ORF1a,556,Q,K,1930,1933
CO-CDPHE-WL20230209-1A,ORF1b_R1315C,ORF1b,1315,R,C,17409,17412
CO-CDPHE-WL20230209-1A,ORF9b_P10F,ORF9b,10,P,F,28310,28313
CO-CDPHE-WL20230209-1A,S_D614G,S,614,D,G,23401,23404
CO-CDPHE-WL20230209-1A,S_H655Y,S,655,H,Y,23524,23527
CO-CDPHE-WL20230209-1A,S_N679K,S,679,N,K,23596,23599
CO-CDPHE-WL20230209-1A,S_P681H,S,681,P,H,23602,23605
CO-CDPHE-TR20230208-1A,N_R203K,N,203,R,K,28879,28882
CO-CDPHE-TR20230208-1A,N_G204R,N,204,G,R,28882,28885
CO-CDPHE-TR20230208-1A,S_D614G,S,614,D,G,23401,23404
CO-CDPHE-TR20230208-1A,S_H655Y,S,655,H,Y,23524,23527
CO-CDPHE-TR20230208-1A,S_N679K,S,679,N,K,23596,23599
CO-CDPHE-TR20230208-1A,S_P681H,S,681,P,H,23602,23605
