MN908947.3	346
MN908947.3	569
MN908947.3	670
MN908947.3	1059
MN908947.3	1191
MN908947.3	1263
MN908947.3	1404
MN908947.3	1463
MN908947.3	1472
MN908947.3	1558
MN908947.3	1877
MN908947.3	2336
MN908947.3	2401
MN908947.3	2550
MN908947.3	2790
MN908947.3	2832
MN908947.3	2841
MN908947.3	3117
MN908947.3	3122
MN908947.3	3259
MN908947.3	3267
MN908947.3	3428
MN908947.3	3644
MN908947.3	3701
MN908947.3	3828
MN908947.3	3852
MN908947.3	4002
MN908947.3	4040
MN908947.3	4181
MN908947.3	4184
MN908947.3	4752
MN908947.3	4878
MN908947.3	4926
MN908947.3	4964
MN908947.3	4965
MN908947.3	5023
MN908947.3	5180
MN908947.3	5184
MN908947.3	5230
MN908947.3	5388
MN908947.3	5514
MN908947.3	5526
MN908947.3	5648
MN908947.3	5724
MN908947.3	5850
MN908947.3	6027
MN908947.3	6285
MN908947.3	6402
MN908947.3	6629
MN908947.3	6636
MN908947.3	6704
MN908947.3	6954
MN908947.3	7069
MN908947.3	7124
MN908947.3	7224
MN908947.3	7424
MN908947.3	7798
MN908947.3	7829
MN908947.3	7851
MN908947.3	8052
MN908947.3	8139
MN908947.3	8208
MN908947.3	8393
MN908947.3	9053
MN908947.3	9072
MN908947.3	9105
MN908947.3	9203
MN908947.3	9344
MN908947.3	9534
MN908947.3	9678
MN908947.3	9866
MN908947.3	9867
MN908947.3	9891
MN908947.3	9929
MN908947.3	10029
MN908947.3	10097
MN908947.3	10116
MN908947.3	10323
MN908947.3	10449
MN908947.3	10632
MN908947.3	10634
MN908947.3	10977
MN908947.3	11083
MN908947.3	11201
MN908947.3	11235
MN908947.3	11308
MN908947.3	11322
MN908947.3	11325
MN908947.3	11337
MN908947.3	11345
MN908947.3	11418
MN908947.3	11451
MN908947.3	11456
MN908947.3	11514
MN908947.3	11537
MN908947.3	11850
MN908947.3	12053
MN908947.3	12162
MN908947.3	12534
MN908947.3	12718
MN908947.3	13329
MN908947.3	14014
MN908947.3	14170
MN908947.3	14186
MN908947.3	14408
MN908947.3	14882
MN908947.3	14937
MN908947.3	15451
MN908947.3	15569
MN908947.3	15656
MN908947.3	16193
MN908947.3	16466
MN908947.3	16500
MN908947.3	16549
MN908947.3	16687
MN908947.3	16859
MN908947.3	17259
MN908947.3	17331
MN908947.3	17336
MN908947.3	17339
MN908947.3	17410
MN908947.3	17491
MN908947.3	17523
MN908947.3	17551
MN908947.3	17569
MN908947.3	17615
MN908947.3	17707
MN908947.3	18115
MN908947.3	18163
MN908947.3	18176
MN908947.3	19019
MN908947.3	19160
MN908947.3	19220
MN908947.3	19274
MN908947.3	19563
MN908947.3	19637
MN908947.3	19955
MN908947.3	19999
MN908947.3	20320
MN908947.3	20396
MN908947.3	20578
MN908947.3	20718
MN908947.3	20962
MN908947.3	21004
MN908947.3	21372
MN908947.3	21575
MN908947.3	21588
MN908947.3	21597
MN908947.3	21600
MN908947.3	21614
MN908947.3	21618
MN908947.3	21621
MN908947.3	21635
MN908947.3	21638
MN908947.3	21707
MN908947.3	21717
MN908947.3	21762
MN908947.3	21786
MN908947.3	21789
MN908947.3	21801
MN908947.3	21846
MN908947.3	21969
MN908947.3	21974
MN908947.3	21987
MN908947.3	21995
MN908947.3	22016
MN908947.3	22017
MN908947.3	22018
MN908947.3	22022
MN908947.3	22032
MN908947.3	22132
MN908947.3	22200
MN908947.3	22206
MN908947.3	22227
MN908947.3	22320
MN908947.3	22578
MN908947.3	22599
MN908947.3	22600
MN908947.3	22661
MN908947.3	22673
MN908947.3	22674
MN908947.3	22679
MN908947.3	22686
MN908947.3	22688
MN908947.3	22775
MN908947.3	22786
MN908947.3	22802
MN908947.3	22812
MN908947.3	22813
MN908947.3	22879
MN908947.3	22882
MN908947.3	22912
MN908947.3	22917
MN908947.3	22971
MN908947.3	22992
MN908947.3	22995
MN908947.3	23010
MN908947.3	23012
MN908947.3	23013
MN908947.3	23018
MN908947.3	23031
MN908947.3	23040
MN908947.3	23048
MN908947.3	23055
MN908947.3	23063
MN908947.3	23075
MN908947.3	23202
MN908947.3	23271
MN908947.3	23401
MN908947.3	23403
MN908947.3	23480
MN908947.3	23520
MN908947.3	23525
MN908947.3	23545
MN908947.3	23567
MN908947.3	23587
MN908947.3	23592
MN908947.3	23599
MN908947.3	23604
MN908947.3	23664
MN908947.3	23673
MN908947.3	23709
MN908947.3	23854
MN908947.3	23868
MN908947.3	23934
MN908947.3	23948
MN908947.3	24130
MN908947.3	24138
MN908947.3	24224
MN908947.3	24257
MN908947.3	24410
MN908947.3	24424
MN908947.3	24432
MN908947.3	24469
MN908947.3	24503
MN908947.3	24506
MN908947.3	24642
MN908947.3	24836
MN908947.3	24863
MN908947.3	24872
MN908947.3	24914
MN908947.3	24950
MN908947.3	24977
MN908947.3	25019
MN908947.3	25088
MN908947.3	25266
MN908947.3	25337
MN908947.3	25352
